{
  "total_posts_analyzed": 998,
  "hashtags_researched": 21,
  "top_hashtags_by_engagement": {
    "mean": {
      "旅行": 3499.0,
      "大学生の日常": 2651.1363636363635,
      "大学生": 2306.4210526315787,
      "メンズ美容": 2177.0,
      "大学生活": 2159.6190476190477,
      "モーニングルーティン": 1731.4761904761904,
      "暮らし": 1656.6666666666667,
      "vlog": 1588.2083333333333,
      "旅行好きな人と繋がりたい": 1565.55,
      "一人暮らし": 1436.5625
    },
    "median": {
      "旅行": 678.0,
      "大学生の日常": 1302.0,
      "大学生": 939.0,
      "メンズ美容": 1025.0,
      "大学生活": 821.0,
      "モーニングルーティン": 1007.0,
      "暮らし": 1094.5,
      "vlog": 1017.0,
      "旅行好きな人と繋がりたい": 831.5,
      "一人暮らし": 909.0
    },
    "max": {
      "旅行": 25184.0,
      "大学生の日常": 18704.0,
      "大学生": 19611.0,
      "メンズ美容": 14118.0,
      "大学生活": 8937.0,
      "モーニングルーティン": 6550.0,
      "暮らし": 6050.0,
      "vlog": 8971.0,
      "旅行好きな人と繋がりたい": 9280.0,
      "一人暮らし": 3826.0
    },
    "count": {
      "旅行": 9,
      "大学生の日常": 22,
      "大学生": 19,
      "メンズ美容": 19,
      "大学生活": 21,
      "モーニングルーティン": 21,
      "暮らし": 18,
      "vlog": 24,
      "旅行好きな人と繋がりたい": 20,
      "一人暮らし": 16
    }
  }
}